Arrival Rate,Avg Response Time (s),Failed Requests
10,0.0013012208200041187,0
20,0.0012825420299998314,0
30,0.0012225462800017795,0
50,0.0011777025900005355,0
70,0.0011402343999918686,0
80,0.0011337063300027239,0
90,0.0010799682299966662,0
100,0.0010379738100004942,0
250,0.0009213182099892947,0
1000,0.0007000432399945567,0
10000,0.0005341763099920626,0
50000,0.000506176519992323,0
