Arrival Rate,Avg Response Time (s),Failed Requests
10,0.001119571390013334,0
20,0.0011110499099913796,0
30,0.0011605203700082712,0
50,0.001081004940024286,0
70,0.0010971353499917313,0
80,0.0010962848600001962,0
90,0.0010528573599913216,0
100,0.0010283657800482615,0
250,0.0008701948399766479,0
