Arrival Rate,Avg Response Time (s),Failed Requests
1,0.001546026920013901,0
10,0.0012408703300025082,0
20,0.0013052193600196916,0
30,0.0012271480899744348,0
50,0.001204896120043486,0
70,0.001310110730019005,0
80,0.0012801405900609098,0
90,0.0011624860399842873,0
100,0.0011304592699798376,0
250,0.0009066021500166244,0
1000,0.0006701323000379488,0
10000,0.0006631667000601738,0
